{"Qn":60,"dt":0.1,"dx":0.013559322235947949,"ke":1.031,"longueur":0.800000011920929,"nt":-1074524376,"rcp_eq":1300.2168014,"rcp_fluide":0.43360279999999995,"rcp_garnissage":2600.0,"temperature_bruleur":1093.0,"temperature_entre":713.0,"temps_de_phase":120.0,"temps_simulation":7200,"vitesse_finale":0.003000000026077032,"vitesse_initiale":0.0010000000474974513}