{"Qn":60,"dt":0.1,"dx":0.05084745762711865,"ke":1.031,"longueur":3.0,"nt":0,"rcp_eq":1300.2168014,"rcp_fluide":0.43360279999999995,"rcp_garnissage":2600.0,"temperature_bruleur":1093.0,"temperature_entre":713.0,"temps_de_phase":120.0,"temps_simulation":3000,"vitesse_finale":0.30000001192092896,"vitesse_initiale":0.10000000149011612}